state1,state2,distance
AL,AL,0.0
AL,AK,72.54408886366966
AL,AZ,24.876463117774605
AL,AR,5.998879942956018
AL,CA,32.93675355738632
AL,CO,19.72474946989188
AL,CT,16.64449723512248
AL,DE,12.914827359666873
AL,DC,11.571520146030936
AL,FL,6.032330578640392
AL,GA,3.3889068473476804
AL,HI,70.65709236792866
AL,ID,30.097623473291048
AL,IL,7.63855209643817
AL,IN,7.135803910562561
AL,IA,11.439533547308644
AL,KS,12.88778481275971
AL,KY,4.99433535618104
AL,LA,5.443810049955818
AL,ME,21.62809508070463
AL,MD,11.838098842297274
AL,MA,17.761942692171928
AL,MI,11.653950898300538
AL,MN,15.433231976809008
AL,MS,2.8394256126900053
AL,MO,7.924277779709643
AL,MT,26.903101569335835
AL,NE,15.647271312276786
AL,NV,30.5136847414402
AL,NH,18.743619900382097
AL,NJ,14.237038754600622
AL,NM,19.35247287816211
AL,NY,15.20695100833826
AL,NC,7.942060355474519
AL,ND,20.030043992213297
AL,OH,8.52251554648039
AL,OK,11.02942943265879
AL,OR,35.526076251114475
AL,PA,12.129039059216522
AL,RI,17.674906123937397
AL,SC,6.0403716392288285
AL,SD,17.76416555231345
AL,TN,3.1155181270536634
AL,TX,12.57028798158578
AL,UT,25.684529814072903
AL,VT,18.111764985776503
AL,VA,9.278369329251769
AL,WA,36.653198939383174
AL,WV,8.536487465579741
AL,WI,12.260563330043198
AL,WY,23.103999479310932
AK,AL,72.54408886366966
AK,AK,0.0
AK,AZ,50.373706621708905
AK,AR,66.56922823234471
AK,CA,42.416685364606224
AK,CO,53.03112640563087
AK,CT,82.65709614044036
AK,DE,80.76555864630666
AK,DC,79.35703826888954
AK,FL,78.3062657534504
AK,GA,75.67031225229614
AK,HI,43.96696243647041
AK,ID,42.51412754367658
AK,IL,67.50250360638485
AK,IN,70.28476358393759
AK,IA,62.76190469066407
AK,KS,59.65771735391826
AK,KY,72.04054770509453
AK,LA,68.72278214769831
AK,ME,85.11480631570514
AK,MD,79.52362946659314
AK,MA,83.37285484628674
AK,MI,69.7156999480031
AK,MN,60.640439998815964
AK,MS,70.01258942911623
AK,MO,65.111889311016
AK,MT,45.91432179233403
AK,NE,57.11486871297175
AK,NV,43.390741145548546
AK,NH,83.23276093227955
AK,NJ,81.19573536830613
AK,NM,54.873137994104184
AK,NY,79.6028137571154
AK,NC,78.26879808767987
AK,ND,54.41218291752316
AK,OH,73.44176967870533
AK,OK,61.74433832644092
AK,OR,37.57081652053891
AK,PA,78.00549025626337
AK,RI,83.77025953934964
AK,SC,77.48858208665325
AK,SD,55.62831580454329
AK,TN,71.70978969108751
AK,TX,62.17455605663783
AK,UT,47.56267140741782
AK,VT,82.08609037955212
AK,VA,78.07624740758229
AK,WA,35.939279622858336
AK,WV,76.03337110775767
AK,WI,65.24864769824735
AK,WY,49.442566972599636
AZ,AL,24.876463117774605
AZ,AK,50.373706621708905
AZ,AZ,0.0
AZ,AR,19.227579309939152
AZ,CA,8.333851597550796
AZ,CO,7.724394707677753
AZ,CT,39.62015217865777
AZ,DE,36.461371313761646
AZ,DC,34.954261324479454
AZ,FL,29.750746502566955
AZ,GA,28.264806954408876
AZ,HI,46.84853271064101
AZ,ID,10.500232382666589
AZ,IL,23.192230746092537
AZ,IN,25.993373963377675
AZ,IA,19.76838592627128
AZ,KS,13.93397217343282
AZ,KY,26.558971962408492
AZ,LA,19.922964885026534
AZ,ME,43.84446449404987
AZ,MD,35.19548577374662
AZ,MA,40.64403218985537
AZ,MI,28.116075958248512
AZ,MN,21.1031702286647
AZ,MS,22.046113076005035
AZ,MO,19.63132297324865
AZ,MT,12.93805528276951
AZ,NE,13.91177837553488
AZ,NV,7.089344909792442
AZ,NH,41.16805769064166
AZ,NJ,37.45758086756272
AZ,NM,5.549186881877383
AZ,NY,37.161197234750134
AZ,NC,32.297925412323316
AZ,ND,17.28905500540732
AZ,OH,29.485870539802622
AZ,OK,14.226757643960912
AZ,OR,13.133024337524086
AZ,PA,34.49853744798467
AZ,RI,40.78133714384559
AZ,SC,30.765877148067798
AZ,SD,15.302317968856881
AZ,TN,25.359193659302345
AZ,TX,12.64266438255798
AZ,UT,5.031110137931789
AZ,VT,40.20561582478249
AZ,VA,32.96680300939113
AZ,WA,15.780883252847408
AZ,WV,31.343144840618663
AZ,WI,24.01125401181704
AZ,WY,9.640796372188351
AR,AL,5.998879942956018
AR,AK,66.56922823234471
AR,AZ,19.227579309939152
AR,AR,0.0
AR,CA,27.12386777526391
AR,CO,13.732594751175025
AR,CT,20.83171581267371
AR,DE,17.42578180168684
AR,DC,15.942106639337217
AR,FL,11.793514204850046
AR,GA,9.277545757903864
AR,HI,65.57726487449749
AR,ID,24.10318187646602
AR,IL,6.0858885645401015
AR,IN,7.934854829169845
AR,IA,7.258148610355122
AR,KS,6.943828112071895
AR,KY,7.613218311594648
AR,LA,3.850791821171329
AR,ME,25.455274709379978
AR,MD,16.195409791975017
AR,MA,21.90957202069451
AR,MI,11.781849098083029
AR,MN,11.538246959568863
AR,MS,3.514810065992183
AR,MO,3.4628342437951036
AR,MT,21.05609212793296
AR,NE,9.909691834260038
AR,NV,24.59183771030543
AR,NH,22.6364369797899
AR,NJ,18.54246320341502
AR,NM,13.678661370543539
AR,NY,18.737873135444165
AR,NC,13.071668815419098
AR,ND,14.900805769487773
AR,OH,11.053472258525824
AR,OK,5.099297686936895
AR,OR,29.533211314213702
AR,PA,15.818637599047525
AR,RI,21.96002401455881
AR,SC,11.587453044133555
AR,SD,12.320634559145075
AR,TN,6.1679302890029515
AR,TX,7.6900076443395005
AR,UT,19.727329879636525
AR,VT,21.80139005315945
AR,VA,13.84062897775964
AR,WA,30.66313334608842
AR,WV,12.399628801702097
AR,WI,10.033831895143548
AR,WY,17.143820390158076
CA,AL,32.93675355738632
CA,AK,42.416685364606224
CA,AZ,8.333851597550796
CA,AR,27.12386777526391
CA,CA,0.0
CA,CO,14.039367751077686
CA,CT,46.95249384356491
CA,DE,44.0016577347945
CA,DC,42.489970699095565
CA,FL,37.99522429161327
CA,GA,36.312256109473566
CA,HI,40.58610588329461
CA,ID,8.657342883356304
CA,IL,30.407671094149908
CA,IN,33.29846822317808
CA,IA,26.430092280580485
CA,KS,21.129822734703673
CA,KY,34.16929874331635
CA,LA,28.145166741023232
CA,ME,50.88941158433648
CA,MD,42.71968750470912
CA,MA,47.93078570125885
CA,MI,34.804390055278944
CA,MN,26.757991816464852
CA,MS,30.131865500330377
CA,MO,27.037035540347247
CA,MT,13.933487131726928
CA,NE,20.150450464939976
CA,NV,3.557623026685085
CA,NH,48.32713156406036
CA,NJ,44.8975827166675
CA,NM,13.642623574664809
CA,NY,44.31996288276876
CA,NC,40.1149647160508
CA,ND,21.599337251175086
CA,OH,36.80685622570882
CA,OK,22.03312218297716
CA,OR,6.83674030075737
CA,PA,41.83341410881975
CA,RI,48.12351672488202
CA,SC,38.7113207483289
CA,SD,20.567330865476936
CA,TN,33.145638114539295
CA,TX,20.93181753025762
CA,UT,8.082661594425442
CA,VT,47.30743505623613
CA,VA,40.61730138216964
CA,WA,10.245247874502594
CA,WV,38.87420617646102
CA,WI,30.4000275705467
CA,WY,13.259824777122814
CO,AL,19.72474946989188
CO,AK,53.03112640563087
CO,AZ,7.724394707677753
CO,AR,13.732594751175025
CO,CA,14.039367751077686
CO,CO,0.0
CO,CT,32.92528314745371
CO,DE,30.042800961295207
CO,DC,28.533232940204993
CO,FL,25.317793989603423
CO,GA,23.000756281696475
CO,HI,54.15838283276192
CO,ID,10.528055600632062
CO,IL,16.384626695167633
CO,IN,19.287070058461445
CO,IA,12.43862338243264
CO,KS,7.185063326791214
CO,KY,20.29845498406221
CO,LA,15.69992171604687
CO,ME,36.85999501207236
CO,MD,28.756958087565522
CO,MA,33.89685994321597
CO,MI,20.83602850857139
CO,MN,13.3956402795835
CO,MS,17.06962262734592
CO,MO,13.105465745253007
CO,MT,9.03229707770953
CO,NE,6.288736411235558
CO,NV,11.088362388107644
CO,NH,34.288044677117405
CO,NJ,30.89805927966998
CO,NM,4.624718050865372
CO,NY,30.280606410044037
CO,NC,26.38550272896084
CO,ND,9.86292177906729
CO,OH,22.790581120497993
CO,OK,8.745019790715169
CO,OR,15.801365612186821
CO,PA,27.811874946684192
CO,RI,34.0970073695625
CO,SC,25.16944516770284
CO,SD,7.615068001009576
CO,TN,19.452272461848768
CO,TX,9.758026327593097
CO,UT,6.130257346963505
CO,VT,33.27079855143245
CO,VA,26.734858617542745
CO,WA,17.096989604020933
CO,WV,24.92764649340166
CO,WI,16.540309492267664
CO,WY,4.472316380803128
CT,AL,16.64449723512248
CT,AK,82.65709614044036
CT,AZ,39.62015217865777
CT,AR,20.83171581267371
CT,CA,46.95249384356491
CT,CO,32.92528314745371
CT,CT,0.0
CT,DE,3.826829050271248
CT,DC,5.073032426468416
CT,FL,16.226568821534638
CT,GA,13.980888321204768
CT,HI,86.322969165802
CT,ID,41.97450780521435
CT,IL,16.54483546850799
CT,IN,13.66396705865467
CT,IA,20.773644117727635
CT,KS,25.843126259220263
CT,KY,13.222359807538133
CT,LA,21.96996675577821
CT,ME,5.117249848307196
CT,MD,4.806435328806572
CT,MA,1.1185804798940475
CT,MI,12.972296922673337
CT,MN,22.075201050953087
CT,MS,19.129366181345368
CT,MO,19.99906764276775
CT,MT,37.30343716924756
CT,NE,27.06793064957128
CT,NV,43.96373828747961
CT,NH,2.3561851370382607
CT,NJ,2.415223320937419
CT,NM,34.1559891546124
CT,NY,3.100186745988051
CT,NC,9.008868441707865
CT,ND,28.3442735874462
CT,OH,10.15462965597466
CT,OK,25.491201972445314
CT,OR,47.88683031784417
CT,PA,5.126545204131138
CT,RI,1.172358179056209
CT,SC,11.229479943879857
CT,SD,27.643461121212734
CT,TN,14.792366999571094
CT,TX,28.47302003037261
CT,UT,39.011830999839006
CT,VT,2.4475727752203844
CT,VA,7.371977829592272
CT,WA,48.06635539023111
CT,WV,8.439413614700959
CT,WI,17.525889078731502
CT,WY,34.85098761369611
DE,AL,12.914827359666873
DE,AK,80.76555864630666
DE,AZ,36.461371313761646
DE,AR,17.42578180168684
DE,CA,44.0016577347945
DE,CO,30.042800961295207
DE,CT,3.826829050271248
DE,DE,0.0
DE,DC,1.5117917647612813
DE,FL,12.471560082844496
DE,GA,10.163851010812786
DE,HI,83.00193196125016
DE,ID,39.47377865989017
DE,IL,13.731863917910054
DE,IN,10.814499929261641
DE,IA,18.253667884838926
DE,KS,22.880774505466373
DE,KY,9.904539485508652
DE,LA,18.29527140356218
DE,ME,8.939702055997163
DE,MD,1.287562025690411
DE,MA,4.935432188775358
DE,MI,11.261061559639929
DE,MN,20.164608086942835
DE,MS,15.481841430527574
DE,MO,16.96481352682664
DE,MT,35.06785483174015
DE,NE,24.42339618582969
DE,NV,41.127599625190875
DE,NH,6.115679358828413
DE,NJ,1.4612316893634605
DE,NM,30.948739619086272
DE,NY,3.964259941023039
DE,NC,5.183341441579939
DE,ND,26.355769559244525
DE,OH,7.403129017516855
DE,OK,22.250709538798983
DE,OR,45.32375731214261
DE,PA,2.971804403052128
DE,RI,4.776069618420561
DE,SC,7.402667036278215
DE,SD,25.315932251844885
DE,TN,11.288568944290505
DE,TX,24.982924161314664
DE,UT,36.16667964992087
DE,VT,5.818789689445729
DE,VA,3.6563792609629613
DE,WA,45.719184046087264
DE,WV,5.129565769146546
DE,WI,15.546184834228628
DE,WY,32.29563084458949
DC,AL,11.571520146030936
DC,AK,79.35703826888954
DC,AZ,34.954261324479454
DC,AR,15.942106639337217
DC,CA,42.489970699095565
DC,CO,28.533232940204993
DC,CT,5.073032426468416
DC,DE,1.5117917647612813
DC,DC,0.0
DC,FL,11.627957738141294
DC,GA,8.978487866561936
DC,HI,81.51354773140476
DC,ID,37.98992586897215
DC,IL,12.23424577977735
DC,IN,9.319006836567933
DC,IA,16.78244543235579
DC,KS,21.3697572623088
DC,KY,8.400757342049575
DC,LA,16.90998929183575
DC,ME,10.105754695716696
DC,MD,0.26661292166735845
DC,MA,6.1907795316906595
DC,MI,10.002051780009937
DC,MN,18.796025982105895
DC,MS,14.078903057411818
DC,MO,15.453215754010547
DC,MT,33.619562768126535
DC,NE,22.931450705308638
DC,NV,39.61871357944374
DC,NH,7.230541136042309
DC,NJ,2.6691631591193605
DC,NM,29.44426588336004
DC,NY,4.3087534276168595
DC,NC,4.108908414652235
DC,ND,24.957771964660626
DC,OH,5.940580124028289
DC,OK,20.747153674661007
DC,OR,43.83241555299
DC,PA,2.118747745721515
DC,RI,6.119357111658055
DC,SC,6.324526949108524
DC,SD,23.86222420898772
DC,TN,9.822040320116786
DC,TX,23.522254900625484
DC,UT,34.65785556724477
DC,VT,6.747153856997779
DC,VA,2.3043721400850137
DC,WA,44.251161707914505
DC,WV,3.6180288334948254
DC,WI,14.181569236160005
DC,WY,30.808602039203258
FL,AL,6.032330578640392
FL,AK,78.3062657534504
FL,AZ,29.750746502566955
FL,AR,11.793514204850046
FL,CA,37.99522429161327
FL,CO,25.317793989603423
FL,CT,16.226568821534638
FL,DE,12.471560082844496
FL,DC,11.627957738141294
FL,FL,0.0
FL,GA,4.132066239788513
FL,HI,74.39271929994224
FL,ID,35.79956484442234
FL,IL,13.25650012937049
FL,IN,11.897663438675673
FL,IA,17.40051760293353
FL,KS,18.736859841766428
FL,KY,9.349917828515924
FL,LA,9.853573614176723
FL,ME,21.321733714921027
FL,MD,11.86137503369656
FL,MA,17.29137822066246
FL,MI,15.992607751395642
FL,MN,21.262286128260058
FL,MS,8.3041786120001
FL,MO,13.955754730576192
FL,MT,32.83786780227973
FL,NE,21.620853231313507
FL,NV,35.816626094734275
FL,NH,18.564185033553184
FL,NJ,13.93263785684535
FL,NM,24.357790211141886
FL,NY,15.908597276315726
FL,NC,7.571937601433339
FL,ND,26.053038337207425
FL,OH,11.660775209650515
FL,OK,16.575865579812103
FL,OR,41.06641284030052
FL,PA,13.100654020696835
FL,RI,16.995841571984602
FL,SC,5.509878932426735
FL,SD,23.792515167589986
FL,TN,8.212977346249035
FL,TX,17.11958542985196
FL,UT,31.109469448384992
FL,VT,18.277382702400256
FL,VA,9.590677609011788
FL,WA,42.372765553595855
FL,WV,10.175757326115834
FL,WI,17.683879941913194
FL,WY,28.9213463256813
GA,AL,3.3889068473476804
GA,AK,75.67031225229614
GA,AZ,28.264806954408876
GA,AR,9.277545757903864
GA,CA,36.312256109473566
GA,CO,23.000756281696475
GA,CT,13.980888321204768
GA,DE,10.163851010812786
GA,DC,8.978487866561936
GA,FL,4.132066239788513
GA,GA,0.0
GA,HI,73.96917066352712
GA,ID,33.29720535600548
GA,IL,9.373917284145406
GA,IN,7.788554313221419
GA,IA,13.786357768460817
GA,KS,16.043257576938664
GA,KY,5.234610443003375
GA,LA,8.697551862449565
GA,ME,19.069250222281944
GA,MD,9.2400267932512
GA,MA,15.09519076063631
GA,MI,11.869421081080574
GA,MN,17.436342160269742
GA,MS,6.225923309036179
GA,MO,10.674258998637796
GA,MT,29.893735998198693
GA,NE,18.61581075161649
GA,NV,33.85564190382454
GA,NH,16.203539837023264
GA,NJ,11.571508660498857
GA,NM,22.73865086938977
GA,NY,13.000131573564943
GA,NC,4.993473305225535
GA,ND,22.562964717651806
GA,OH,7.672190645441495
GA,OK,14.357487233147726
GA,OR,38.795447012503935
GA,PA,9.98423900755586
GA,RI,14.930248124194048
GA,SC,2.8477674764629204
GA,SD,20.51825220456167
GA,TN,4.3360990140908875
GA,TX,15.931311923379063
GA,UT,29.00365396445765
GA,VT,15.707333258067704
GA,VA,6.698686677998904
GA,WA,39.83265557767897
GA,WV,6.629075076509546
GA,WI,13.656853520851719
GA,WY,26.238026823677114
HI,AL,70.65709236792866
HI,AK,43.96696243647041
HI,AZ,46.84853271064101
HI,AR,65.57726487449749
HI,CA,40.58610588329461
HI,CO,54.15838283276192
HI,CT,86.322969165802
HI,DE,83.00193196125016
HI,DC,81.51354773140476
HI,FL,74.39271929994224
HI,GA,73.96917066352712
HI,HI,0.0
HI,ID,48.19494840468243
HI,IL,70.01999143701748
HI,IN,72.78132510926139
HI,IA,66.54380592549543
HI,KS,60.78239256470579
HI,KY,73.13315862561936
HI,LA,65.27259562825736
HI,ME,90.66774306802836
HI,MD,81.7645764199265
HI,MA,87.37191524036773
HI,MI,74.92938841502713
HI,MN,67.28939309103629
HI,MS,67.85663390192592
HI,MO,66.41928326698508
HI,MT,53.85872809638194
HI,NE,60.43585237232946
HI,NV,44.06635016302123
HI,NH,87.95893475707855
HI,NJ,84.08904485609288
HI,NM,52.205310654855815
HI,NY,83.96276968287792
HI,NC,78.4844147904538
HI,ND,62.15469793668055
HI,OH,76.247993037522
HI,OK,60.8338514217208
HI,OR,42.91427536344987
HI,PA,81.2259064829073
HI,RI,87.47149466254709
HI,SC,76.69707713420375
HI,SD,61.12143903181602
HI,TN,71.73232954763145
HI,TX,58.12836050715693
HI,UT,48.578601620466614
HI,VT,87.01902492219735
HI,VA,79.41147240443286
HI,WA,44.995289578577015
HI,WV,77.94145523558053
HI,WI,70.69850107831142
HI,WY,53.84294489763725
ID,AL,30.097623473291048
ID,AK,42.51412754367658
ID,AZ,10.500232382666589
ID,AR,24.10318187646602
ID,CA,8.657342883356304
ID,CO,10.528055600632062
ID,CT,41.97450780521435
ID,DE,39.47377865989017
ID,DC,37.98992586897215
ID,FL,35.79956484442234
ID,GA,33.29720535600548
ID,HI,48.19494840468243
ID,ID,0.0
ID,IL,25.77921016807924
ID,IN,28.679790809034856
ID,IA,21.2392785809688
ID,KS,17.257001321202946
ID,KY,30.093013163357377
ID,LA,26.227924554565888
ID,ME,45.381632782437435
ID,MD,38.19106970510253
ID,MA,42.85575664691967
ID,MI,29.20280030202583
ID,MN,20.39918643794404
ID,MS,27.51653345336218
ID,MO,22.95159378975674
ID,MT,5.665433375303246
ID,NE,15.08256251503702
ID,NV,5.4123576415458805
ID,NH,43.03712181094363
ID,NJ,40.156280207210436
ID,NM,13.08189430472514
ID,NY,39.11116105218561
ID,NC,36.30671154387299
ID,ND,14.482592276591918
ID,OH,32.077868360912014
ID,OK,19.230770491324577
ID,OR,5.959927128749146
ID,PA,36.97684085207929
ID,RI,43.13979654947389
ID,SC,35.29415633727487
ID,SD,14.3870031782161
ID,TN,29.510985355626474
ID,TX,19.982597085464146
ID,UT,5.840851346336424
ID,VT,41.94814924022274
ID,VA,36.40560727209478
ID,WA,6.574883613418561
ID,WV,34.4665721256118
ID,WI,24.620418046207092
ID,WY,7.1906596554141045
IL,AL,7.63855209643817
IL,AK,67.50250360638485
IL,AZ,23.192230746092537
IL,AR,6.0858885645401015
IL,CA,30.407671094149908
IL,CO,16.384626695167633
IL,CT,16.54483546850799
IL,DE,13.731863917910054
IL,DC,12.23424577977735
IL,FL,13.25650012937049
IL,GA,9.373917284145406
IL,HI,70.01999143701748
IL,ID,25.77921016807924
IL,IL,0.0
IL,IN,2.9186295174276604
IL,IA,4.756092493844076
IL,KS,9.3134485133059
IL,KY,4.631565648892394
IL,LA,9.399618073624051
IL,ME,20.652738233222244
IL,MD,12.444777549237276
IL,MA,17.529078117516615
IL,MI,5.733157305534183
IL,MN,8.063805456482694
IL,MS,7.320487127234084
IL,MO,3.671095784639783
IL,MT,21.6059462935554
IL,NE,10.703674003350443
IL,NV,27.443958313807435
IL,NH,17.98730615183941
IL,NJ,14.524464282375448
IL,NM,17.82983893281148
IL,NY,13.976445345652097
IL,NC,10.785951670575948
IL,ND,13.486428990655758
IL,OH,6.407466589066226
IL,OK,9.417054352609412
IL,OR,31.602363595940098
IL,PA,11.427549806060792
IL,RI,17.715862224007047
IL,SC,10.315271932915778
IL,SD,11.875999949477933
IL,TN,5.059946807032662
IL,TX,13.269834214864927
IL,UT,22.48585504000237
IL,VT,17.014134461970137
IL,VA,10.64541778794989
IL,WA,32.101324946176284
IL,WV,8.687478752779777
IL,WI,4.6514931495166145
IL,WY,18.59088830825466
IN,AL,7.135803910562561
IN,AK,70.28476358393759
IN,AZ,25.993373963377675
IN,AR,7.934854829169845
IN,CA,33.29846822317808
IN,CO,19.287070058461445
IN,CT,13.66396705865467
IN,DE,10.814499929261641
IN,DC,9.319006836567933
IN,FL,11.897663438675673
IN,GA,7.788554313221419
IN,HI,72.78132510926139
IN,ID,28.679790809034856
IN,IL,2.9186295174276604
IN,IN,0.0
IN,IA,7.536835686811806
IN,KS,12.179587911337556
IN,KY,2.554732960604687
IN,LA,10.514248957010668
IN,ME,17.896916369307867
IN,MD,9.527730219207514
IN,MA,14.665317250233624
IN,MI,4.5369697166721314
IN,MN,10.255103312010082
IN,MS,7.918361653776617
IN,MO,6.364914038696831
IN,MT,24.42429149719599
IN,NE,13.613085734321967
IN,NV,30.354864260114898
IN,NH,15.18027562134495
IN,NJ,11.612585831329733
IN,NM,20.57612274968246
IN,NY,11.181541718385711
IN,NC,8.145455141365643
IN,ND,16.07127845879102
IN,OH,3.5098590299326804
IN,OK,12.0108388291576
IN,OR,34.51389452452447
IN,PA,8.538874821075668
IN,RI,14.832832809682708
IN,SC,8.04540206142614
IN,SD,14.668267385754868
IN,TN,4.036788036298167
IN,TX,15.529430202360931
IN,UT,25.39552431787932
IN,VT,14.241364397065325
IN,VA,7.797653730449942
IN,WA,34.97662587957849
IN,WV,5.796025370889954
IN,WI,6.013027711560961
IN,WY,21.494538525169595
IA,AL,11.439533547308644
IA,AK,62.76190469066407
IA,AZ,19.76838592627128
IA,AR,7.258148610355122
IA,CA,26.430092280580485
IA,CO,12.43862338243264
IA,CT,20.773644117727635
IA,DE,18.253667884838926
IA,DC,16.78244543235579
IA,FL,17.40051760293353
IA,GA,13.786357768460817
IA,HI,66.54380592549543
IA,ID,21.2392785809688
IA,IL,4.756092493844076
IA,IN,7.536835686811806
IA,IA,0.0
IA,KS,6.056714399738526
IA,KY,9.367776116560428
IA,LA,11.107836831714806
IA,ME,24.47592248721179
IA,MD,16.975905572899496
IA,MA,21.68848476818977
IA,MI,8.398828977899232
IA,MN,4.282760540819443
IA,MS,10.09289021688039
IA,MO,3.8606587844563505
IA,MT,16.88753839521913
IA,NE,6.321973750340959
IA,NV,23.297619910196847
IA,NH,21.973623988090804
IA,NJ,18.917288960102077
IA,NM,14.764038050614749
IA,NY,17.990671536382404
IA,NC,15.54177291205865
IA,ND,8.801711822708134
IA,OH,10.850778243978626
IA,OK,7.6195271067173165
IA,OR,27.12604105910039
IA,PA,15.741975160696954
IA,RI,21.943426014412598
IA,SC,15.0102014443511
IA,SD,7.135127660385621
IA,TN,9.471562841474475
IA,TX,12.09945616133221
IA,UT,18.384119904145535
IA,VT,20.92538346124151
IA,VA,15.334021724583533
IA,WA,27.468832113688414
IA,WV,13.323497383570126
IA,WI,4.331480607136541
IA,WY,14.085316872544968
KS,AL,12.88778481275971
KS,AK,59.65771735391826
KS,AZ,13.93397217343282
KS,AR,6.943828112071895
KS,CA,21.129822734703673
KS,CO,7.185063326791214
KS,CT,25.843126259220263
KS,DE,22.880774505466373
KS,DC,21.3697572623088
KS,FL,18.736859841766428
KS,GA,16.043257576938664
KS,HI,60.78239256470579
KS,ID,17.257001321202946
KS,IL,9.3134485133059
KS,IN,12.179587911337556
KS,IA,6.056714399738526
KS,KS,0.0
KS,KY,13.113413433961423
KS,LA,9.791731409715034
KS,ME,29.93787499806891
KS,MD,21.596795316435262
KS,MA,26.83763218355896
KS,MI,14.229676631603395
KS,MN,8.788845715450922
KS,MS,10.44298338838092
KS,MO,5.923986678749367
KS,MT,14.138042276425697
KS,NE,3.3567723932372937
KS,NV,18.26990037411262
KS,NH,27.296618375359234
KS,NJ,23.76825838718521
KS,NM,8.745697021964578
KS,NY,23.284748763299984
KS,NC,19.218597693120067
KS,ND,9.195999739560678
KS,OH,15.689431893475295
KS,OK,3.036945216825613
KS,OR,22.835318268419215
KS,PA,20.718462587750082
KS,RI,27.012330737831558
KS,SC,18.07311136025006
KS,SD,6.230328014639359
KS,TN,12.315251053064243
KS,TX,7.082114418731171
KS,UT,13.314670902804924
KS,VT,26.3119987488598
KS,VA,19.550887082943312
KS,WA,23.789834077815673
KS,WV,17.75831008654821
KS,WI,10.38818001624923
KS,WY,10.216240827231903
KY,AL,4.99433535618104
KY,AK,72.04054770509453
KY,AZ,26.558971962408492
KY,AR,7.613218311594648
KY,CA,34.16929874331635
KY,CO,20.29845498406221
KY,CT,13.222359807538133
KY,DE,9.904539485508652
KY,DC,8.400757342049575
KY,FL,9.349917828515924
KY,GA,5.234610443003375
KY,HI,73.13315862561936
KY,ID,30.093013163357377
KY,IL,4.631565648892394
KY,IN,2.554732960604687
KY,IA,9.367776116560428
KY,KS,13.113413433961423
KY,KY,0.0
KY,LA,9.30728627098146
KY,ME,17.868553593673994
KY,MD,8.645914499345922
KY,MA,14.297108744428005
KY,MI,6.812857668409049
KY,MN,12.551897316342266
KY,MS,6.487142620599613
KY,MO,7.202945537764397
KY,MT,26.12660746136016
KY,NE,15.035686170241792
KY,NV,31.38043435725517
KY,NH,15.034516907436693
KY,NJ,10.956110372299102
KY,NM,21.04421041545632
KY,NY,11.176901847113092
KY,NC,6.2367113417249005
KY,ND,18.117836173229964
KY,OH,3.7232811886829036
KY,OK,12.346492557807661
KY,OR,35.832186085278146
KY,PA,8.21375856779343
KY,RI,14.356245646407691
KY,SC,5.7007604168216
KY,SD,16.446103422999624
KY,TN,1.9774896839174698
KY,TX,15.28159441321487
KY,UT,26.427593607439935
KY,VT,14.225654068969897
KY,VA,6.448413510313983
KY,WA,36.498755984553775
KY,WV,4.808374236683331
KY,WI,8.50160526959468
KY,WY,22.909495232544952
LA,AL,5.443810049955818
LA,AK,68.72278214769831
LA,AZ,19.922964885026534
LA,AR,3.850791821171329
LA,CA,28.145166741023232
LA,CO,15.69992171604687
LA,CT,21.96996675577821
LA,DE,18.29527140356218
LA,DC,16.90998929183575
LA,FL,9.853573614176723
LA,GA,8.697551862449565
LA,HI,65.27259562825736
LA,ID,26.227924554565888
LA,IL,9.399618073624051
LA,IN,10.514248957010668
LA,IA,11.107836831714806
LA,KS,9.791731409715034
LA,KY,9.30728627098146
LA,LA,0.0
LA,ME,26.874740489165653
LA,MD,17.175482177219948
LA,MA,23.082618974891034
LA,MI,14.821716243404468
LA,MN,15.385968656214018
LA,MS,2.8644017263645094
LA,MO,7.3022788723795005
LA,MT,23.801848556152112
LA,NE,13.054169835726825
LA,NV,25.98232598055841
LA,NH,23.996942743816337
LA,NJ,19.578769400552222
LA,NM,14.505150425969399
LA,NY,20.310385225544103
LA,NC,13.38360104941865
LA,ND,18.440969829431427
LA,OH,13.025193622361238
LA,OK,7.117085516558028
LA,OR,31.325066453880037
LA,PA,17.256329055740675
LA,RI,23.0289587617417
LA,SC,11.459929500655745
LA,SD,15.704330466785267
LA,TN,7.403795141682402
LA,TX,7.345672848691264
LA,UT,21.328107787846537
LA,VT,23.295543802195294
LA,VA,14.641623010103757
LA,WA,32.7957629557539
LA,WV,13.66401605714806
LA,WI,13.702542700170648
LA,WY,19.600712170735022
ME,AL,21.62809508070463
ME,AK,85.11480631570514
ME,AZ,43.84446449404987
ME,AR,25.455274709379978
ME,CA,50.88941158433648
ME,CO,36.85999501207236
ME,CT,5.117249848307196
ME,DE,8.939702055997163
ME,DC,10.105754695716696
ME,FL,21.321733714921027
ME,GA,19.069250222281944
ME,HI,90.66774306802836
ME,ID,45.381632782437435
ME,IL,20.652738233222244
ME,IN,17.896916369307867
ME,IA,24.47592248721179
ME,KS,29.93787499806891
ME,KY,17.868553593673994
ME,LA,26.874740489165653
ME,ME,0.0
ME,MD,9.841073308333796
ME,MA,4.031534231530228
ME,MI,16.199720448205273
ME,MN,25.079058827834828
ME,MS,24.016157906917577
ME,MO,24.251314963316933
ME,MT,40.42555692244697
ME,NE,30.791637828800212
ME,NV,47.771846341961705
ME,NH,2.8845047911210027
ME,NJ,7.503657071055415
ME,NM,38.46500183023524
ME,NY,6.732329648049025
ME,NC,14.114873943822518
ME,ND,31.29234522962445
ME,OH,14.472968931770703
ME,OK,29.896611657677855
ME,OR,51.33558560160778
ME,PA,9.663927783256655
ME,RI,4.358013819390665
ME,SC,16.33916888094373
ME,SD,30.997310646086696
ME,TN,19.574014190758113
ME,TX,33.141356233564125
ME,UT,42.85866134458705
ME,VT,3.6618314598025967
ME,VA,12.408082156804088
ME,WA,51.24395721419258
ME,WV,13.220294322366646
ME,WI,20.76467612870473
ME,WY,38.381876413223985
MD,AL,11.838098842297274
MD,AK,79.52362946659314
MD,AZ,35.19548577374662
MD,AR,16.195409791975017
MD,CA,42.71968750470912
MD,CO,28.756958087565522
MD,CT,4.806435328806572
MD,DE,1.287562025690411
MD,DC,0.26661292166735845
MD,FL,11.86137503369656
MD,GA,9.2400267932512
MD,HI,81.7645764199265
MD,ID,38.19106970510253
MD,IL,12.444777549237276
MD,IN,9.527730219207514
MD,IA,16.975905572899496
MD,KS,21.596795316435262
MD,KY,8.645914499345922
MD,LA,17.175482177219948
MD,ME,9.841073308333796
MD,MD,0.0
MD,MA,5.924167782904186
MD,MI,10.114070465445657
MD,MN,18.94637030805638
MD,MS,14.343613895040543
MD,MO,15.682658734092259
MD,MT,33.8021662478901
MD,NE,23.137794049563162
MD,NV,39.84124151303522
MD,NH,6.966869188523629
MD,NJ,2.4033647455182483
MD,NM,29.687793203604752
MD,NY,4.09860833088501
MD,NC,4.357576244886599
MD,ND,25.11938154115265
MD,OH,6.127761522774862
MD,OK,20.991536884420825
MD,OR,44.038460925877054
MD,PA,2.083547287680321
MD,RI,5.854295306012492
MD,SC,6.576868697184099
MD,SD,24.047089795856795
MD,TN,10.080017914666625
MD,TX,23.780473346424376
MD,UT,34.88029952007294
MD,VT,6.492583284024927
MD,VA,2.5703630268893987
MD,WA,44.443463540210274
MD,WV,3.8541107988743666
MD,WI,14.329745033670358
MD,WY,31.011694126248567
MA,AL,17.761942692171928
MA,AK,83.37285484628674
MA,AZ,40.64403218985537
MA,AR,21.90957202069451
MA,CA,47.93078570125885
MA,CO,33.89685994321597
MA,CT,1.1185804798940475
MA,DE,4.935432188775358
MA,DC,6.1907795316906595
MA,FL,17.29137822066246
MA,GA,15.09519076063631
MA,HI,87.37191524036773
MA,ID,42.85575664691967
MA,IL,17.529078117516615
MA,IN,14.665317250233624
MA,IA,21.68848476818977
MA,KS,26.83763218355896
MA,KY,14.297108744428005
MA,LA,23.082618974891034
MA,ME,4.031534231530228
MA,MD,5.924167782904186
MA,MA,0.0
MA,MI,13.761092617230654
MA,MN,22.853539205339725
MA,MS,20.23988830231036
MA,MO,21.015316297643484
MA,MT,38.12747608497054
MA,NE,27.996106327130565
MA,NV,44.91860824758488
MA,NH,1.4389498427672895
MA,NJ,3.533512057429542
MA,NM,35.19157221182367
MA,NY,3.782744491767841
MA,NC,10.118773619861244
MA,ND,29.12386183200985
MA,OH,11.161241898641922
MA,OK,26.538063879831167
MA,OR,48.77873282486949
MA,PA,6.148513474003284
MA,RI,0.635539117600165
MA,SC,12.336701540525327
MA,SD,28.50185323957022
MA,TN,15.888866019952458
MA,TX,29.560150940413
MA,UT,39.97131159731939
MA,VT,2.002036228443433
MA,VA,8.49042123631095
MA,WA,48.90795152334637
MA,WV,9.52830714502843
MA,WI,18.338896578856648
MA,WY,35.75047892854024
MI,AL,11.653950898300538
MI,AK,69.7156999480031
MI,AZ,28.116075958248512
MI,AR,11.781849098083029
MI,CA,34.804390055278944
MI,CO,20.83602850857139
MI,CT,12.972296922673337
MI,DE,11.261061559639929
MI,DC,10.002051780009937
MI,FL,15.992607751395642
MI,GA,11.869421081080574
MI,HI,74.92938841502713
MI,ID,29.20280030202583
MI,IL,5.733157305534183
MI,IN,4.5369697166721314
MI,IA,8.398828977899232
MI,KS,14.229676631603395
MI,KY,6.812857668409049
MI,LA,14.821716243404468
MI,ME,16.199720448205273
MI,MD,10.114070465445657
MI,MA,13.761092617230654
MI,MI,0.0
MI,MN,9.102920411054905
MI,MS,12.366334293152512
MI,MO,9.249474733734878
MI,MT,24.373777089528
MI,NE,14.656577609387535
MI,NV,31.621656468945456
MI,NH,13.845137386461714
MI,NJ,11.513648195077012
MI,NM,22.964864770339926
MI,NY,9.981070381978085
MI,NC,10.656086863853918
MI,ND,15.372221506665847
MI,OH,4.830500232895139
MI,OK,14.923958377387674
MI,OR,35.15052752406427
MI,PA,8.363756232698323
MI,RI,14.109035624379151
MI,SC,11.364643350321208
MI,SD,14.816421463025401
MI,TN,8.540620105121175
MI,TX,18.959348142802792
MI,UT,26.739606381732692
MI,VT,12.747431716232096
MI,VA,9.464198185266406
MI,WA,35.168281985476625
MI,WV,7.4482420670920755
MI,WI,4.592298005356359
MI,WY,22.182179378951915
MN,AL,15.433231976809008
MN,AK,60.640439998815964
MN,AZ,21.1031702286647
MN,AR,11.538246959568863
MN,CA,26.757991816464852
MN,CO,13.3956402795835
MN,CT,22.075201050953087
MN,DE,20.164608086942835
MN,DC,18.796025982105895
MN,FL,21.262286128260058
MN,GA,17.436342160269742
MN,HI,67.28939309103629
MN,ID,20.39918643794404
MN,IL,8.063805456482694
MN,IN,10.255103312010082
MN,IA,4.282760540819443
MN,KS,8.788845715450922
MN,KY,12.551897316342266
MN,LA,15.385968656214018
MN,ME,25.079058827834828
MN,MD,18.94637030805638
MN,MA,22.853539205339725
MN,MI,9.102920411054905
MN,MN,0.0
MN,MS,14.316230954409756
MN,MO,8.136576558971228
MN,MT,15.347428709722031
MN,NE,7.254860746423743
MN,NV,23.38318485685815
MN,NH,22.87247922023321
MN,NJ,20.555368064084874
MN,NM,16.744990601669507
MN,NY,19.0709288148218
MN,NC,18.37281727879533
MN,ND,6.270605131883207
MN,OH,12.978866083367993
MN,OK,11.157253615473657
MN,OR,26.357710208020727
MN,PA,17.3673895346998
MN,RI,23.210406525091283
MN,SC,18.23902819916676
MN,SD,6.199242369838425
MN,TN,13.111503282614096
MN,TX,15.634823178085513
MN,UT,18.713541622044712
MN,VT,21.75226204903757
MN,VA,17.761630758463593
MN,WA,26.165112635339444
MN,WV,15.670995080083468
MN,WI,4.6184528145256625
MN,WY,13.64716424060324
MS,AL,2.8394256126900053
MS,AK,70.01258942911623
MS,AZ,22.046113076005035
MS,AR,3.514810065992183
MS,CA,30.131865500330377
MS,CO,17.06962262734592
MS,CT,19.129366181345368
MS,DE,15.481841430527574
MS,DC,14.078903057411818
MS,FL,8.3041786120001
MS,GA,6.225923309036179
MS,HI,67.85663390192592
MS,ID,27.51653345336218
MS,IL,7.320487127234084
MS,IN,7.918361653776617
MS,IA,10.09289021688039
MS,KS,10.44298338838092
MS,KY,6.487142620599613
MS,LA,2.8644017263645094
MS,ME,24.016157906917577
MS,MD,14.343613895040543
MS,MA,20.23988830231036
MS,MI,12.366334293152512
MS,MN,14.316230954409756
MS,MS,0.0
MS,MO,6.274700317943477
MS,MT,24.56781707722524
MS,NE,13.417408365627097
MS,NV,27.757629506317723
MS,NH,21.140057750630667
MS,NJ,16.745644612555232
MS,NM,16.529449038912336
MS,NY,17.446006527569573
MS,NC,10.659686135154265
MS,ND,18.250806319173957
MS,OH,10.21042265775516
MS,OK,8.330117556193306
MS,OR,32.85727131229859
MS,PA,14.392409462282542
MS,RI,20.19777410013291
MS,SC,8.850482371599867
MS,SD,15.765685670467992
MS,TN,4.555092298735557
MS,TX,9.745289326130854
MS,UT,22.962209847050868
MS,VT,20.43254823290526
MS,VA,11.82547846051059
MS,WA,34.08639961626923
MS,WV,10.801710709882954
MS,WI,11.892377310697801
MS,WY,20.61720718356392
MO,AL,7.924277779709643
MO,AK,65.111889311016
MO,AZ,19.63132297324865
MO,AR,3.4628342437951036
MO,CA,27.037035540347247
MO,CO,13.105465745253007
MO,CT,19.99906764276775
MO,DE,16.96481352682664
MO,DC,15.453215754010547
MO,FL,13.955754730576192
MO,GA,10.674258998637796
MO,HI,66.41928326698508
MO,ID,22.95159378975674
MO,IL,3.671095784639783
MO,IN,6.364914038696831
MO,IA,3.8606587844563505
MO,KS,5.923986678749367
MO,KY,7.202945537764397
MO,LA,7.3022788723795005
MO,ME,24.251314963316933
MO,MD,15.682658734092259
MO,MA,21.015316297643484
MO,MI,9.249474733734878
MO,MN,8.136576558971228
MO,MS,6.274700317943477
MO,MO,0.0
MO,MT,19.251313859059085
MO,NE,7.9970663277229415
MO,NV,24.192746134533806
MO,NH,21.545042697103195
MO,NJ,17.879520738822954
MO,NM,14.214311499682285
MO,NY,17.544223587266554
MO,NC,13.367040917869597
MO,ND,12.116856220158763
MO,OH,9.85505203689965
MO,OK,5.746693047309901
MO,OR,28.64838196286136
MO,PA,14.873689952731974
MO,RI,21.16376590779627
MO,SC,12.384729736655538
MO,SD,9.869476996274924
MO,TN,6.598830063730997
MO,TX,9.725618903185543
MO,UT,19.23571892339873
MO,VT,20.599982214798143
MO,VA,13.629907208048039
MO,WA,29.408570054322592
MO,WV,11.838714143858704
MO,WI,6.734602178302735
MO,WY,15.790058107872811
MT,AL,26.903101569335835
MT,AK,45.91432179233403
MT,AZ,12.93805528276951
MT,AR,21.05609212793296
MT,CA,13.933487131726928
MT,CO,9.03229707770953
MT,CT,37.30343716924756
MT,DE,35.06785483174015
MT,DC,33.619562768126535
MT,FL,32.83786780227973
MT,GA,29.893735998198693
MT,HI,53.85872809638194
MT,ID,5.665433375303246
MT,IL,21.6059462935554
MT,IN,24.42429149719599
MT,IA,16.88753839521913
MT,KS,14.138042276425697
MT,KY,26.12660746136016
MT,LA,23.801848556152112
MT,ME,40.42555692244697
MT,MD,33.8021662478901
MT,MA,38.12747608497054
MT,MI,24.373777089528
MT,MN,15.347428709722031
MT,MS,24.56781707722524
MT,MO,19.251313859059085
MT,MT,0.0
MT,NE,11.278488429306474
MT,NV,10.422460882632281
MT,NH,38.2013305747326
MT,NJ,35.62756803726576
MT,NM,13.126558111325302
MT,NY,34.3519187740656
MT,NC,32.3570290409982
MT,ND,9.176009455095391
MT,OH,27.679408418714452
MT,OK,16.69652752640501
MT,OR,11.361532018614389
MT,PA,32.4269970988681
MT,RI,38.454808498548005
MT,SC,31.59681413133293
MT,SD,9.761936260804013
MT,TN,25.834281176955564
MT,TX,18.67555068558891
MT,UT,8.010522881809898
MT,VT,37.08773803091798
MT,VA,32.22153859765235
MT,WA,10.818930964748771
MT,WV,30.205517568815154
MT,WI,19.788767096512107
MT,WY,4.560086557292532
NE,AL,15.647271312276786
NE,AK,57.11486871297175
NE,AZ,13.91177837553488
NE,AR,9.909691834260038
NE,CA,20.150450464939976
NE,CO,6.288736411235558
NE,CT,27.06793064957128
NE,DE,24.42339618582969
NE,DC,22.931450705308638
NE,FL,21.620853231313507
NE,GA,18.61581075161649
NE,HI,60.43585237232946
NE,ID,15.08256251503702
NE,IL,10.703674003350443
NE,IN,13.613085734321967
NE,IA,6.321973750340959
NE,KS,3.3567723932372937
NE,KY,15.035686170241792
NE,LA,13.054169835726825
NE,ME,30.791637828800212
NE,MD,23.137794049563162
NE,MA,27.996106327130565
NE,MI,14.656577609387535
NE,MN,7.254860746423743
NE,MS,13.417408365627097
NE,MO,7.9970663277229415
NE,MT,11.278488429306474
NE,NE,0.0
NE,NV,16.98038581481587
NE,NH,28.29524623130182
NE,NJ,25.158390960075337
NE,NM,9.526682987273162
NE,NY,24.309575086578548
NE,NC,21.266111425693232
NE,ND,5.950232258492102
NE,OH,17.04740756009547
NE,OK,6.378329863686887
NE,OR,20.90096485524053
NE,PA,22.00539080180128
NE,RI,28.239239149984197
NE,SC,20.37741343988486
NE,SD,2.938311707426562
NE,TN,14.595115525407815
NE,TX,10.072788075801057
NE,UT,12.083192389844656
NE,VT,27.24709843818237
NE,VA,21.32306027872172
NE,WA,21.463245827460476
NE,WV,19.39002195382977
NE,WI,10.275508904672316
NE,WY,7.891930031367475
NV,AL,30.5136847414402
NV,AK,43.390741145548546
NV,AZ,7.089344909792442
NV,AR,24.59183771030543
NV,CA,3.557623026685085
NV,CO,11.088362388107644
NV,CT,43.96373828747961
NV,DE,41.127599625190875
NV,DC,39.61871357944374
NV,FL,35.816626094734275
NV,GA,33.85564190382454
NV,HI,44.06635016302123
NV,ID,5.4123576415458805
NV,IL,27.443958313807435
NV,IN,30.354864260114898
NV,IA,23.297619910196847
NV,KS,18.26990037411262
NV,KY,31.38043435725517
NV,LA,25.98232598055841
NV,ME,47.771846341961705
NV,MD,39.84124151303522
NV,MA,44.91860824758488
NV,MI,31.621656468945456
NV,MN,23.38318485685815
NV,MS,27.757629506317723
NV,MO,24.192746134533806
NV,MT,10.422460882632281
NV,NE,16.98038581481587
NV,NV,0.0
NV,NH,45.25978272782582
NV,NJ,41.96724949052536
NV,NM,11.61314174545373
NV,NY,41.26392612646064
NV,NC,37.4341465842351
NV,ND,18.090627781533733
NV,OH,33.85103882512323
NV,OK,19.4989369353819
NV,OR,6.051890324518445
NV,PA,38.86249064586572
NV,RI,45.13607694837911
NV,SC,36.14229758938964
NV,SD,17.183947776049614
NV,TN,30.478975364995467
NV,TX,18.999019717869665
NV,UT,4.960955187259817
NV,VT,44.22015492057892
NV,VA,37.820711270545935
NV,WA,8.912010979010287
NV,WV,36.0150720705929
NV,WI,27.158357048429867
NV,WY,9.792436991883084
NH,AL,18.743619900382097
NH,AK,83.23276093227955
NH,AZ,41.16805769064166
NH,AR,22.6364369797899
NH,CA,48.32713156406036
NH,CO,34.288044677117405
NH,CT,2.3561851370382607
NH,DE,6.115679358828413
NH,DC,7.230541136042309
NH,FL,18.564185033553184
NH,GA,16.203539837023264
NH,HI,87.95893475707855
NH,ID,43.03712181094363
NH,IL,17.98730615183941
NH,IN,15.18027562134495
NH,IA,21.973623988090804
NH,KS,27.296618375359234
NH,KY,15.034516907436693
NH,LA,23.996942743816337
NH,ME,2.8845047911210027
NH,MD,6.966869188523629
NH,MA,1.4389498427672895
NH,MI,13.845137386461714
NH,MN,22.87247922023321
NH,MS,21.140057750630667
NH,MO,21.545042697103195
NH,MT,38.2013305747326
NH,NE,28.29524623130182
NH,NV,45.25978272782582
NH,NH,0.0
NH,NJ,4.6623291314535
NH,NM,35.7550058007267
NH,NY,4.01206198606152
NH,NC,11.267447741170129
NH,ND,29.129736613982622
NH,OH,11.715104406278241
NH,OK,27.147153161979976
NH,OR,48.97785396942173
NH,PA,6.820790863968774
NH,RI,2.00445466399218
NH,SC,13.4945433064628
NH,SD,28.655381230756625
NH,TN,16.71306921573652
NH,TX,30.315428300619462
NH,UT,40.32721886815404
NH,VT,1.152073491579419
NH,VA,9.530162210581725
NH,WA,49.00613506103087
NH,WV,10.351236579269155
NH,WI,18.437172436141065
NH,WY,35.97661803241098
NJ,AL,14.237038754600622
NJ,AK,81.19573536830613
NJ,AZ,37.45758086756272
NJ,AR,18.54246320341502
NJ,CA,44.8975827166675
NJ,CO,30.89805927966998
NJ,CT,2.415223320937419
NJ,DE,1.4612316893634605
NJ,DC,2.6691631591193605
NJ,FL,13.93263785684535
NJ,GA,11.571508660498857
NJ,HI,84.08904485609288
NJ,ID,40.156280207210436
NJ,IL,14.524464282375448
NJ,IN,11.612585831329733
NJ,IA,18.917288960102077
NJ,KS,23.76825838718521
NJ,KY,10.956110372299102
NJ,LA,19.578769400552222
NJ,ME,7.503657071055415
NJ,MD,2.4033647455182483
NJ,MA,3.533512057429542
NJ,MI,11.513648195077012
NJ,MN,20.555368064084874
NJ,MS,16.745644612555232
NJ,MO,17.879520738822954
NJ,MT,35.62756803726576
NJ,NE,25.158390960075337
NJ,NV,41.96724949052536
NJ,NH,4.6623291314535
NJ,NJ,0.0
NJ,NM,31.967343539931502
NJ,NY,2.8920645929854345
NJ,NC,6.611619091417774
NJ,ND,26.795202853682607
NJ,OH,8.121461510097804
NJ,OK,23.28083816124325
NJ,OR,46.03790189246248
NJ,PA,3.2014679445529395
NJ,RI,3.4525216595989594
NJ,SC,8.837067579236908
NJ,SD,25.905105195887547
NJ,TN,12.455559665466666
NJ,TX,26.153162630167692
NJ,UT,37.008088106385614
NJ,VT,4.366569935315358
NJ,VA,4.960297717879447
NJ,WA,46.335937683077056
NJ,WV,6.148429884938103
NJ,WI,15.949891618754037
NJ,WY,32.99783646786558
NM,AL,19.35247287816211
NM,AK,54.873137994104184
NM,AZ,5.549186881877383
NM,AR,13.678661370543539
NM,CA,13.642623574664809
NM,CO,4.624718050865372
NM,CT,34.1559891546124
NM,DE,30.948739619086272
NM,DC,29.44426588336004
NM,FL,24.357790211141886
NM,GA,22.73865086938977
NM,HI,52.205310654855815
NM,ID,13.08189430472514
NM,IL,17.82983893281148
NM,IN,20.57612274968246
NM,IA,14.764038050614749
NM,KS,8.745697021964578
NM,KY,21.04421041545632
NM,LA,14.505150425969399
NM,ME,38.46500183023524
NM,MD,29.687793203604752
NM,MA,35.19157221182367
NM,MI,22.964864770339926
NM,MN,16.744990601669507
NM,MS,16.529449038912336
NM,MO,14.214311499682285
NM,MT,13.126558111325302
NM,NE,9.526682987273162
NM,NV,11.61314174545373
NM,NH,35.7550058007267
NM,NJ,31.967343539931502
NM,NM,0.0
NM,NY,31.75747538029433
NM,NC,26.749571248339667
NM,ND,14.21284876054058
NM,OH,24.04859484502161
NM,OK,8.698950863753634
NM,OR,17.30411658363408
NM,PA,29.043068191911136
NM,RI,35.312669054745776
NM,SC,25.220964265467728
NM,SD,11.63588894455426
NM,TN,19.815289733435645
NM,TX,7.387861119430986
NM,UT,7.408262404234881
NM,VT,34.8142922490175
NM,VA,27.43623728884848
NM,WA,19.335055143702068
NM,WV,25.839118879133636
NM,WI,19.083951846774287
NM,WY,8.708250106651736
NY,AL,15.20695100833826
NY,AK,79.6028137571154
NY,AZ,37.161197234750134
NY,AR,18.737873135444165
NY,CA,44.31996288276876
NY,CO,30.280606410044037
NY,CT,3.100186745988051
NY,DE,3.964259941023039
NY,DC,4.3087534276168595
NY,FL,15.908597276315726
NY,GA,13.000131573564943
NY,HI,83.96276968287792
NY,ID,39.11116105218561
NY,IL,13.976445345652097
NY,IN,11.181541718385711
NY,IA,17.990671536382404
NY,KS,23.284748763299984
NY,KY,11.176901847113092
NY,LA,20.310385225544103
NY,ME,6.732329648049025
NY,MD,4.09860833088501
NY,MA,3.782744491767841
NY,MI,9.981070381978085
NY,MN,19.0709288148218
NY,MS,17.446006527569573
NY,MO,17.544223587266554
NY,MT,34.3519187740656
NY,NE,24.309575086578548
NY,NV,41.26392612646064
NY,NH,4.01206198606152
NY,NJ,2.8920645929854345
NY,NM,31.75747538029433
NY,NY,0.0
NY,NC,8.344964494831599
NY,ND,25.341180369114625
NY,OH,7.741054538627157
NY,OK,23.16922114055628
NY,OR,45.042158033224844
NY,PA,3.0780107748349432
NY,RI,4.171082128177281
NY,SC,10.511810775028254
NY,SD,24.744431504886105
NY,TN,12.942289570628533
NY,TX,26.42718749640226
NY,UT,36.32716180958815
NY,VT,3.0705574428757947
NY,VA,6.370097872089568
NY,WA,45.138194531903906
NY,WV,6.676024507144952
NY,WI,14.563424718794689
NY,WY,32.024427410494006
NC,AL,7.942060355474519
NC,AK,78.26879808767987
NC,AZ,32.297925412323316
NC,AR,13.071668815419098
NC,CA,40.1149647160508
NC,CO,26.38550272896084
NC,CT,9.008868441707865
NC,DE,5.183341441579939
NC,DC,4.108908414652235
NC,FL,7.571937601433339
NC,GA,4.993473305225535
NC,HI,78.4844147904538
NC,ID,36.30671154387299
NC,IL,10.785951670575948
NC,IN,8.145455141365643
NC,IA,15.54177291205865
NC,KS,19.218597693120067
NC,KY,6.2367113417249005
NC,LA,13.38360104941865
NC,ME,14.114873943822518
NC,MD,4.357576244886599
NC,MA,10.118773619861244
NC,MI,10.656086863853918
NC,MN,18.37281727879533
NC,MS,10.659686135154265
NC,MO,13.367040917869597
NC,MT,32.3570290409982
NC,NE,21.266111425693232
NC,NV,37.4341465842351
NC,NH,11.267447741170129
NC,NJ,6.611619091417774
NC,NM,26.749571248339667
NC,NY,8.344964494831599
NC,NC,0.0
NC,ND,24.202629332368012
NC,OH,5.8291050985550115
NC,OK,18.106630437494438
NC,OR,42.01437269280598
NC,PA,5.554277934169302
NC,RI,9.939462384857636
NC,SC,2.2275190526682427
NC,SD,22.65511994936244
NC,TN,6.969359305560305
NC,TX,20.356561405355276
NC,UT,32.499650195040566
NC,VT,10.846893961406641
NC,VA,2.0370384483362107
NC,WA,42.72889073987294
NC,WV,3.323203881798407
NC,WI,13.954756426394553
NC,WY,29.12964696404678
ND,AL,20.030043992213297
ND,AK,54.41218291752316
ND,AZ,17.28905500540732
ND,AR,14.900805769487773
ND,CA,21.599337251175086
ND,CO,9.86292177906729
ND,CT,28.3442735874462
ND,DE,26.355769559244525
ND,DC,24.957771964660626
ND,FL,26.053038337207425
ND,GA,22.562964717651806
ND,HI,62.15469793668055
ND,ID,14.482592276591918
ND,IL,13.486428990655758
ND,IN,16.07127845879102
ND,IA,8.801711822708134
ND,KS,9.195999739560678
ND,KY,18.117836173229964
ND,LA,18.440969829431427
ND,ME,31.29234522962445
ND,MD,25.11938154115265
ND,MA,29.12386183200985
ND,MI,15.372221506665847
ND,MN,6.270605131883207
ND,MS,18.250806319173957
ND,MO,12.116856220158763
ND,MT,9.176009455095391
ND,NE,5.950232258492102
ND,NV,18.090627781533733
ND,NH,29.129736613982622
ND,NJ,26.795202853682607
ND,NM,14.21284876054058
ND,NY,25.341180369114625
ND,NC,24.202629332368012
ND,ND,0.0
ND,OH,19.069035530146778
ND,OK,12.227774613559081
ND,OR,20.397801597476132
ND,PA,23.59983770473857
ND,RI,29.480649166868762
ND,SC,23.793125740221697
ND,SD,3.0153344424789776
ND,TN,18.26530316118515
ND,TX,16.014649526293105
ND,UT,13.851826179966299
ND,VT,28.004989304943503
ND,VA,23.783697921055083
ND,WA,19.98141401252673
ND,WV,21.710702219873045
ND,WI,10.846369940215022
ND,WY,8.3691788993903
OH,AL,8.52251554648039
OH,AK,73.44176967870533
OH,AZ,29.485870539802622
OH,AR,11.053472258525824
OH,CA,36.80685622570882
OH,CO,22.790581120497993
OH,CT,10.15462965597466
OH,DE,7.403129017516855
OH,DC,5.940580124028289
OH,FL,11.660775209650515
OH,GA,7.672190645441495
OH,HI,76.247993037522
OH,ID,32.077868360912014
OH,IL,6.407466589066226
OH,IN,3.5098590299326804
OH,IA,10.850778243978626
OH,KS,15.689431893475295
OH,KY,3.7232811886829036
OH,LA,13.025193622361238
OH,ME,14.472968931770703
OH,MD,6.127761522774862
OH,MA,11.161241898641922
OH,MI,4.830500232895139
OH,MN,12.978866083367993
OH,MS,10.21042265775516
OH,MO,9.85505203689965
OH,MT,27.679408418714452
OH,NE,17.04740756009547
OH,NV,33.85103882512323
OH,NH,11.715104406278241
OH,NJ,8.121461510097804
OH,NM,24.04859484502161
OH,NY,7.741054538627157
OH,NC,5.8291050985550115
OH,ND,19.069035530146778
OH,OH,0.0
OH,OK,15.432830837211943
OH,OR,37.940328674380254
OH,PA,5.029053630654582
OH,RI,11.323140299846148
OH,SC,6.6458806624856
OH,SD,17.921644410321274
OH,TN,5.679769491801582
OH,TX,18.738031286664025
OH,UT,28.893248347148507
OH,VT,10.81118238954463
OH,VA,4.813228239965353
OH,WA,38.316379724733906
OH,WV,2.7240141501100954
OH,WI,8.406240049510838
OH,WY,24.905324661605995
OK,AL,11.02942943265879
OK,AK,61.74433832644092
OK,AZ,14.226757643960912
OK,AR,5.099297686936895
OK,CA,22.03312218297716
OK,CO,8.745019790715169
OK,CT,25.491201972445314
OK,DE,22.250709538798983
OK,DC,20.747153674661007
OK,FL,16.575865579812103
OK,GA,14.357487233147726
OK,HI,60.8338514217208
OK,ID,19.230770491324577
OK,IL,9.417054352609412
OK,IN,12.0108388291576
OK,IA,7.6195271067173165
OK,KS,3.036945216825613
OK,KY,12.346492557807661
OK,LA,7.117085516558028
OK,ME,29.896611657677855
OK,MD,20.991536884420825
OK,MA,26.538063879831167
OK,MI,14.923958377387674
OK,MN,11.157253615473657
OK,MS,8.330117556193306
OK,MO,5.746693047309901
OK,MT,16.69652752640501
OK,NE,6.378329863686887
OK,NV,19.4989369353819
OK,NH,27.147153161979976
OK,NJ,23.28083816124325
OK,NM,8.698950863753634
OK,NY,23.16922114055628
OK,NC,18.106630437494438
OK,ND,12.227774613559081
OK,OH,15.432830837211943
OK,OK,0.0
OK,OR,24.527170935311723
OK,PA,20.39256837011954
OK,RI,26.642827419401257
OK,SC,16.681902421786308
OK,SD,9.26725057177154
OK,TN,11.147048634055562
OK,TX,4.5047326058269
OK,UT,14.655104624669182
OK,VT,26.236642702335214
OK,VA,18.740515230910802
OK,WA,25.805560991770744
OK,WV,17.145424770474484
OK,WI,11.74271915699255
OK,WY,12.490073012196524
OR,AL,35.526076251114475
OR,AK,37.57081652053891
OR,AZ,13.133024337524086
OR,AR,29.533211314213702
OR,CA,6.83674030075737
OR,CO,15.801365612186821
OR,CT,47.88683031784417
OR,DE,45.32375731214261
OR,DC,43.83241555299
OR,FL,41.06641284030052
OR,GA,38.795447012503935
OR,HI,42.91427536344987
OR,ID,5.959927128749146
OR,IL,31.602363595940098
OR,IN,34.51389452452447
OR,IA,27.12604105910039
OR,KS,22.835318268419215
OR,KY,35.832186085278146
OR,LA,31.325066453880037
OR,ME,51.33558560160778
OR,MD,44.038460925877054
OR,MA,48.77873282486949
OR,MI,35.15052752406427
OR,MN,26.357710208020727
OR,MS,32.85727131229859
OR,MO,28.64838196286136
OR,MT,11.361532018614389
OR,NE,20.90096485524053
OR,NV,6.051890324518445
OR,NH,48.97785396942173
OR,NJ,46.03790189246248
OR,NM,17.30411658363408
OR,NY,45.042158033224844
OR,NC,42.01437269280598
OR,ND,20.397801597476132
OR,OH,37.940328674380254
OR,OK,24.527170935311723
OR,OR,0.0
OR,PA,42.867732689518355
OR,RI,49.054068732063406
OR,SC,40.90721929562067
OR,SD,20.338412880311
OR,TN,35.1480994678233
OR,TX,24.61278218365409
OR,UT,10.020771108552477
OR,VT,47.89269055148186
OR,VA,42.19465235749668
OR,WA,3.450788925738575
OR,WV,40.28479639578684
OR,WI,30.572003338512182
OR,WY,13.040870631211716
PA,AL,12.129039059216522
PA,AK,78.00549025626337
PA,AZ,34.49853744798467
PA,AR,15.818637599047525
PA,CA,41.83341410881975
PA,CO,27.811874946684192
PA,CT,5.126545204131138
PA,DE,2.971804403052128
PA,DC,2.118747745721515
PA,FL,13.100654020696835
PA,GA,9.98423900755586
PA,HI,81.2259064829073
PA,ID,36.97684085207929
PA,IL,11.427549806060792
PA,IN,8.538874821075668
PA,IA,15.741975160696954
PA,KS,20.718462587750082
PA,KY,8.21375856779343
PA,LA,17.256329055740675
PA,ME,9.663927783256655
PA,MD,2.083547287680321
PA,MA,6.148513474003284
PA,MI,8.363756232698323
PA,MN,17.3673895346998
PA,MS,14.392409462282542
PA,MO,14.873689952731974
PA,MT,32.4269970988681
PA,NE,22.00539080180128
PA,NV,38.86249064586572
PA,NH,6.820790863968774
PA,NJ,3.2014679445529395
PA,NM,29.043068191911136
PA,NY,3.0780107748349432
PA,NC,5.554277934169302
PA,ND,23.59983770473857
PA,OH,5.029053630654582
PA,OK,20.39256837011954
PA,OR,42.867732689518355
PA,PA,0.0
PA,RI,6.2942042523260975
PA,SC,7.618955025461174
PA,SD,22.708471003790628
PA,TN,9.915608645968236
PA,TX,23.494997857416372
PA,UT,33.90718786997825
PA,VT,6.044487637509064
PA,VA,3.5182226151851186
PA,WA,43.14077312717054
PA,WV,3.6020768245555215
PA,WI,12.756952797984324
PA,WY,29.82686594867117
RI,AL,17.674906123937397
RI,AK,83.77025953934964
RI,AZ,40.78133714384559
RI,AR,21.96002401455881
RI,CA,48.12351672488202
RI,CO,34.0970073695625
RI,CT,1.172358179056209
RI,DE,4.776069618420561
RI,DC,6.119357111658055
RI,FL,16.995841571984602
RI,GA,14.930248124194048
RI,HI,87.47149466254709
RI,ID,43.13979654947389
RI,IL,17.715862224007047
RI,IN,14.832832809682708
RI,IA,21.943426014412598
RI,KS,27.012330737831558
RI,KY,14.356245646407691
RI,LA,23.0289587617417
RI,ME,4.358013819390665
RI,MD,5.854295306012492
RI,MA,0.635539117600165
RI,MI,14.109035624379151
RI,MN,23.210406525091283
RI,MS,20.19777410013291
RI,MO,21.16376590779627
RI,MT,38.454808498548005
RI,NE,28.239239149984197
RI,NV,45.13607694837911
RI,NH,2.00445466399218
RI,NJ,3.4525216595989594
RI,NM,35.312669054745776
RI,NY,4.171082128177281
RI,NC,9.939462384857636
RI,ND,29.480649166868762
RI,OH,11.323140299846148
RI,OK,26.642827419401257
RI,OR,49.054068732063406
RI,PA,6.2942042523260975
RI,RI,0.0
RI,SC,12.142737439720912
RI,SD,28.80342013754615
RI,TN,15.897256484374902
RI,TX,29.58886319631086
RI,UT,40.1840918436637
RI,VT,2.6372842869133377
RI,VA,8.39732328423766
RI,WA,49.222889817238475
RI,WV,9.561091378080215
RI,WI,18.672103524241717
RI,WY,36.01917690966854
SC,AL,6.0403716392288285
SC,AK,77.48858208665325
SC,AZ,30.765877148067798
SC,AR,11.587453044133555
SC,CA,38.7113207483289
SC,CO,25.16944516770284
SC,CT,11.229479943879857
SC,DE,7.402667036278215
SC,DC,6.324526949108524
SC,FL,5.509878932426735
SC,GA,2.8477674764629204
SC,HI,76.69707713420375
SC,ID,35.29415633727487
SC,IL,10.315271932915778
SC,IN,8.04540206142614
SC,IA,15.0102014443511
SC,KS,18.07311136025006
SC,KY,5.7007604168216
SC,LA,11.459929500655745
SC,ME,16.33916888094373
SC,MD,6.576868697184099
SC,MA,12.336701540525327
SC,MI,11.364643350321208
SC,MN,18.23902819916676
SC,MS,8.850482371599867
SC,MO,12.384729736655538
SC,MT,31.59681413133293
SC,NE,20.37741343988486
SC,NV,36.14229758938964
SC,NH,13.4945433064628
SC,NJ,8.837067579236908
SC,NM,25.220964265467728
SC,NY,10.511810775028254
SC,NC,2.2275190526682427
SC,ND,23.793125740221697
SC,OH,6.6458806624856
SC,OK,16.681902421786308
SC,OR,40.90721929562067
SC,PA,7.618955025461174
SC,RI,12.142737439720912
SC,SC,0.0
SC,SD,22.010706139740268
SC,TN,5.7892206746677015
SC,TX,18.595733609621316
SC,UT,31.242117904681173
SC,VT,13.069117016845473
SC,VA,4.143158752690997
SC,WA,41.78026875368323
SC,WV,4.731922198219244
SC,WI,14.050500348742036
SC,WY,28.158532853826024
SD,AL,17.76416555231345
SD,AK,55.62831580454329
SD,AZ,15.302317968856881
SD,AR,12.320634559145075
SD,CA,20.567330865476936
SD,CO,7.615068001009576
SD,CT,27.643461121212734
SD,DE,25.315932251844885
SD,DC,23.86222420898772
SD,FL,23.792515167589986
SD,GA,20.51825220456167
SD,HI,61.12143903181602
SD,ID,14.3870031782161
SD,IL,11.875999949477933
SD,IN,14.668267385754868
SD,IA,7.135127660385621
SD,KS,6.230328014639359
SD,KY,16.446103422999624
SD,LA,15.704330466785267
SD,ME,30.997310646086696
SD,MD,24.047089795856795
SD,MA,28.50185323957022
SD,MI,14.816421463025401
SD,MN,6.199242369838425
SD,MS,15.765685670467992
SD,MO,9.869476996274924
SD,MT,9.761936260804013
SD,NE,2.938311707426562
SD,NV,17.183947776049614
SD,NH,28.655381230756625
SD,NJ,25.905105195887547
SD,NM,11.63588894455426
SD,NY,24.744431504886105
SD,NC,22.65511994936244
SD,ND,3.0153344424789776
SD,OH,17.921644410321274
SD,OK,9.26725057177154
SD,OR,20.338412880311
SD,PA,22.708471003790628
SD,RI,28.80342013754615
SD,SC,22.010706139740268
SD,SD,0.0
SD,TN,16.317548018314515
SD,TX,12.999453448895453
SD,UT,12.544815719650888
SD,VT,27.563059257092625
SD,VA,22.465822722526756
SD,WA,20.433267083361876
SD,WV,20.44457347366288
SD,WI,10.233783114762586
SD,WY,7.466766500299844
TN,AL,3.1155181270536634
TN,AK,71.70978969108751
TN,AZ,25.359193659302345
TN,AR,6.1679302890029515
TN,CA,33.145638114539295
TN,CO,19.452272461848768
TN,CT,14.792366999571094
TN,DE,11.288568944290505
TN,DC,9.822040320116786
TN,FL,8.212977346249035
TN,GA,4.3360990140908875
TN,HI,71.73232954763145
TN,ID,29.510985355626474
TN,IL,5.059946807032662
TN,IN,4.036788036298167
TN,IA,9.471562841474475
TN,KS,12.315251053064243
TN,KY,1.9774896839174698
TN,LA,7.403795141682402
TN,ME,19.574014190758113
TN,MD,10.080017914666625
TN,MA,15.888866019952458
TN,MI,8.540620105121175
TN,MN,13.111503282614096
TN,MS,4.555092298735557
TN,MO,6.598830063730997
TN,MT,25.834281176955564
TN,NE,14.595115525407815
TN,NV,30.478975364995467
TN,NH,16.71306921573652
TN,NJ,12.455559665466666
TN,NM,19.815289733435645
TN,NY,12.942289570628533
TN,NC,6.969359305560305
TN,ND,18.26530316118515
TN,OH,5.679769491801582
TN,OK,11.147048634055562
TN,OR,35.1480994678233
TN,PA,9.915608645968236
TN,RI,15.897256484374902
TN,SC,5.7892206746677015
TN,SD,16.317548018314515
TN,TN,0.0
TN,TX,13.70047903469072
TN,UT,25.553424981594933
TN,VT,15.958903739918975
TN,VA,7.679143343498669
TN,WA,35.99168454032125
TN,WV,6.368062911906575
TN,WI,9.493357501432255
TN,WY,22.3699897581559
TX,AL,12.57028798158578
TX,AK,62.17455605663783
TX,AZ,12.64266438255798
TX,AR,7.6900076443395005
TX,CA,20.93181753025762
TX,CO,9.758026327593097
TX,CT,28.47302003037261
TX,DE,24.982924161314664
TX,DC,23.522254900625484
TX,FL,17.11958542985196
TX,GA,15.931311923379063
TX,HI,58.12836050715693
TX,ID,19.982597085464146
TX,IL,13.269834214864927
TX,IN,15.529430202360931
TX,IA,12.09945616133221
TX,KS,7.082114418731171
TX,KY,15.28159441321487
TX,LA,7.345672848691264
TX,ME,33.141356233564125
TX,MD,23.780473346424376
TX,MA,29.560150940413
TX,MI,18.959348142802792
TX,MN,15.634823178085513
TX,MS,9.745289326130854
TX,MO,9.725618903185543
TX,MT,18.67555068558891
TX,NE,10.072788075801057
TX,NV,18.999019717869665
TX,NH,30.315428300619462
TX,NJ,26.153162630167692
TX,NM,7.387861119430986
TX,NY,26.42718749640226
TX,NC,20.356561405355276
TX,ND,16.014649526293105
TX,OH,18.738031286664025
TX,OK,4.5047326058269
TX,OR,24.61278218365409
TX,PA,23.494997857416372
TX,RI,29.58886319631086
TX,SC,18.595733609621316
TX,SD,12.999453448895453
TX,TN,13.70047903469072
TX,TX,0.0
TX,UT,14.613663361731037
TX,VT,29.4894422829595
TX,VA,21.351339627526883
TX,WA,26.43699914154403
TX,WV,20.03367323508098
TX,WI,16.12659661459912
TX,WY,14.15198925946455
UT,AL,25.684529814072903
UT,AK,47.56267140741782
UT,AZ,5.031110137931789
UT,AR,19.727329879636525
UT,CA,8.082661594425442
UT,CO,6.130257346963505
UT,CT,39.011830999839006
UT,DE,36.16667964992087
UT,DC,34.65785556724477
UT,FL,31.109469448384992
UT,GA,29.00365396445765
UT,HI,48.578601620466614
UT,ID,5.840851346336424
UT,IL,22.48585504000237
UT,IN,25.39552431787932
UT,IA,18.384119904145535
UT,KS,13.314670902804924
UT,KY,26.427593607439935
UT,LA,21.328107787846537
UT,ME,42.85866134458705
UT,MD,34.88029952007294
UT,MA,39.97131159731939
UT,MI,26.739606381732692
UT,MN,18.713541622044712
UT,MS,22.962209847050868
UT,MO,19.23571892339873
UT,MT,8.010522881809898
UT,NE,12.083192389844656
UT,NV,4.960955187259817
UT,NH,40.32721886815404
UT,NJ,37.008088106385614
UT,NM,7.408262404234881
UT,NY,36.32716180958815
UT,NC,32.499650195040566
UT,ND,13.851826179966299
UT,OH,28.893248347148507
UT,OK,14.655104624669182
UT,OR,10.020771108552477
UT,PA,33.90718786997825
UT,RI,40.1840918436637
UT,SC,31.242117904681173
UT,SD,12.544815719650888
UT,TN,25.553424981594933
UT,TX,14.613663361731037
UT,UT,0.0
UT,VT,39.29426286991524
UT,VA,32.8650557820917
UT,WA,11.927846327816262
UT,WV,31.05471234643786
UT,WI,22.319213245094453
UT,WY,5.530330989190431
VT,AL,18.111764985776503
VT,AK,82.08609037955212
VT,AZ,40.20561582478249
VT,AR,21.80139005315945
VT,CA,47.30743505623613
VT,CO,33.27079855143245
VT,CT,2.4475727752203844
VT,DE,5.818789689445729
VT,DC,6.747153856997779
VT,FL,18.277382702400256
VT,GA,15.707333258067704
VT,HI,87.01902492219735
VT,ID,41.94814924022274
VT,IL,17.014134461970137
VT,IN,14.241364397065325
VT,IA,20.92538346124151
VT,KS,26.3119987488598
VT,KY,14.225654068969897
VT,LA,23.295543802195294
VT,ME,3.6618314598025967
VT,MD,6.492583284024927
VT,MA,2.002036228443433
VT,MI,12.747431716232096
VT,MN,21.75226204903757
VT,MS,20.43254823290526
VT,MO,20.599982214798143
VT,MT,37.08773803091798
VT,NE,27.24709843818237
VT,NV,44.22015492057892
VT,NH,1.152073491579419
VT,NJ,4.366569935315358
VT,NM,34.8142922490175
VT,NY,3.0705574428757947
VT,NC,10.846893961406641
VT,ND,28.004989304943503
VT,OH,10.81118238954463
VT,OK,26.236642702335214
VT,OR,47.89269055148186
VT,PA,6.044487637509064
VT,RI,2.6372842869133377
VT,SC,13.069117016845473
VT,SD,27.563059257092625
VT,TN,15.958903739918975
VT,TX,29.4894422829595
VT,UT,39.29426286991524
VT,VT,0.0
VT,VA,9.008658848574518
VT,WA,47.89618063238445
VT,WV,9.631888207926826
VT,WI,17.337204856896626
VT,WY,34.90189768708858
VA,AL,9.278369329251769
VA,AK,78.07624740758229
VA,AZ,32.96680300939113
VA,AR,13.84062897775964
VA,CA,40.61730138216964
VA,CO,26.734858617542745
VA,CT,7.371977829592272
VA,DE,3.6563792609629613
VA,DC,2.3043721400850137
VA,FL,9.590677609011788
VA,GA,6.698686677998904
VA,HI,79.41147240443286
VA,ID,36.40560727209478
VA,IL,10.64541778794989
VA,IN,7.797653730449942
VA,IA,15.334021724583533
VA,KS,19.550887082943312
VA,KY,6.448413510313983
VA,LA,14.641623010103757
VA,ME,12.408082156804088
VA,MD,2.5703630268893987
VA,MA,8.49042123631095
VA,MI,9.464198185266406
VA,MN,17.761630758463593
VA,MS,11.82547846051059
VA,MO,13.629907208048039
VA,MT,32.22153859765235
VA,NE,21.32306027872172
VA,NV,37.820711270545935
VA,NH,9.530162210581725
VA,NJ,4.960297717879447
VA,NM,27.43623728884848
VA,NY,6.370097872089568
VA,NC,2.0370384483362107
VA,ND,23.783697921055083
VA,OH,4.813228239965353
VA,OK,18.740515230910802
VA,OR,42.19465235749668
VA,PA,3.5182226151851186
VA,RI,8.39732328423766
VA,SC,4.143158752690997
VA,SD,22.465822722526756
VA,TN,7.679143343498669
VA,TX,21.351339627526883
VA,UT,32.8650557820917
VA,VT,9.008658848574518
VA,VA,0.0
VA,WA,42.74646810509611
VA,WV,2.0934224036252136
VA,WI,13.212050560000137
VA,WY,29.21495117041956
WA,AL,36.653198939383174
WA,AK,35.939279622858336
WA,AZ,15.780883252847408
WA,AR,30.66313334608842
WA,CA,10.245247874502594
WA,CO,17.096989604020933
WA,CT,48.06635539023111
WA,DE,45.719184046087264
WA,DC,44.251161707914505
WA,FL,42.372765553595855
WA,GA,39.83265557767897
WA,HI,44.995289578577015
WA,ID,6.574883613418561
WA,IL,32.101324946176284
WA,IN,34.97662587957849
WA,IA,27.468832113688414
WA,KS,23.789834077815673
WA,KY,36.498755984553775
WA,LA,32.7957629557539
WA,ME,51.24395721419258
WA,MD,44.443463540210274
WA,MA,48.90795152334637
WA,MI,35.168281985476625
WA,MN,26.165112635339444
WA,MS,34.08639961626923
WA,MO,29.408570054322592
WA,MT,10.818930964748771
WA,NE,21.463245827460476
WA,NV,8.912010979010287
WA,NH,49.00613506103087
WA,NJ,46.335937683077056
WA,NM,19.335055143702068
WA,NY,45.138194531903906
WA,NC,42.72889073987294
WA,ND,19.98141401252673
WA,OH,38.316379724733906
WA,OK,25.805560991770744
WA,OR,3.450788925738575
WA,PA,43.14077312717054
WA,RI,49.222889817238475
WA,SC,41.78026875368323
WA,SD,20.433267083361876
WA,TN,35.99168454032125
WA,TX,26.43699914154403
WA,UT,11.927846327816262
WA,VT,47.89618063238445
WA,VA,42.74646810509611
WA,WA,0.0
WA,WV,40.77263934478611
WA,WI,30.57776182947338
WA,WY,13.621736585692735
WV,AL,8.536487465579741
WV,AK,76.03337110775767
WV,AZ,31.343144840618663
WV,AR,12.399628801702097
WV,CA,38.87420617646102
WV,CO,24.92764649340166
WV,CT,8.439413614700959
WV,DE,5.129565769146546
WV,DC,3.6180288334948254
WV,FL,10.175757326115834
WV,GA,6.629075076509546
WV,HI,77.94145523558053
WV,ID,34.4665721256118
WV,IL,8.687478752779777
WV,IN,5.796025370889954
WV,IA,13.323497383570126
WV,KS,17.75831008654821
WV,KY,4.808374236683331
WV,LA,13.66401605714806
WV,ME,13.220294322366646
WV,MD,3.8541107988743666
WV,MA,9.52830714502843
WV,MI,7.4482420670920755
WV,MN,15.670995080083468
WV,MS,10.801710709882954
WV,MO,11.838714143858704
WV,MT,30.205517568815154
WV,NE,19.39002195382977
WV,NV,36.0150720705929
WV,NH,10.351236579269155
WV,NJ,6.148429884938103
WV,NM,25.839118879133636
WV,NY,6.676024507144952
WV,NC,3.323203881798407
WV,ND,21.710702219873045
WV,OH,2.7240141501100954
WV,OK,17.145424770474484
WV,OR,40.28479639578684
WV,PA,3.6020768245555215
WV,RI,9.561091378080215
WV,SC,4.731922198219244
WV,SD,20.44457347366288
WV,TN,6.368062911906575
WV,TX,20.03367323508098
WV,UT,31.05471234643786
WV,VT,9.631888207926826
WV,VA,2.0934224036252136
WV,WA,40.77263934478611
WV,WV,0.0
WV,WI,11.118642611398213
WV,WY,27.27835030367489
WI,AL,12.260563330043198
WI,AK,65.24864769824735
WI,AZ,24.01125401181704
WI,AR,10.033831895143548
WI,CA,30.4000275705467
WI,CO,16.540309492267664
WI,CT,17.525889078731502
WI,DE,15.546184834228628
WI,DC,14.181569236160005
WI,FL,17.683879941913194
WI,GA,13.656853520851719
WI,HI,70.69850107831142
WI,ID,24.620418046207092
WI,IL,4.6514931495166145
WI,IN,6.013027711560961
WI,IA,4.331480607136541
WI,KS,10.38818001624923
WI,KY,8.50160526959468
WI,LA,13.702542700170648
WI,ME,20.76467612870473
WI,MD,14.329745033670358
WI,MA,18.338896578856648
WI,MI,4.592298005356359
WI,MN,4.6184528145256625
WI,MS,11.892377310697801
WI,MO,6.734602178302735
WI,MT,19.788767096512107
WI,NE,10.275508904672316
WI,NV,27.158357048429867
WI,NH,18.437172436141065
WI,NJ,15.949891618754037
WI,NM,19.083951846774287
WI,NY,14.563424718794689
WI,NC,13.954756426394553
WI,ND,10.846369940215022
WI,OH,8.406240049510838
WI,OK,11.74271915699255
WI,OR,30.572003338512182
WI,PA,12.756952797984324
WI,RI,18.672103524241717
WI,SC,14.050500348742036
WI,SD,10.233783114762586
WI,TN,9.493357501432255
WI,TX,16.12659661459912
WI,UT,22.319213245094453
WI,VT,17.337204856896626
WI,VA,13.212050560000137
WI,WA,30.57776182947338
WI,WV,11.118642611398213
WI,WI,0.0
WI,WY,17.632472837636804
WY,AL,23.103999479310932
WY,AK,49.442566972599636
WY,AZ,9.640796372188351
WY,AR,17.143820390158076
WY,CA,13.259824777122814
WY,CO,4.472316380803128
WY,CT,34.85098761369611
WY,DE,32.29563084458949
WY,DC,30.808602039203258
WY,FL,28.9213463256813
WY,GA,26.238026823677114
WY,HI,53.84294489763725
WY,ID,7.1906596554141045
WY,IL,18.59088830825466
WY,IN,21.494538525169595
WY,IA,14.085316872544968
WY,KS,10.216240827231903
WY,KY,22.909495232544952
WY,LA,19.600712170735022
WY,ME,38.381876413223985
WY,MD,31.011694126248567
WY,MA,35.75047892854024
WY,MI,22.182179378951915
WY,MN,13.64716424060324
WY,MS,20.61720718356392
WY,MO,15.790058107872811
WY,MT,4.560086557292532
WY,NE,7.891930031367475
WY,NV,9.792436991883084
WY,NH,35.97661803241098
WY,NJ,32.99783646786558
WY,NM,8.708250106651736
WY,NY,32.024427410494006
WY,NC,29.12964696404678
WY,ND,8.3691788993903
WY,OH,24.905324661605995
WY,OK,12.490073012196524
WY,OR,13.040870631211716
WY,PA,29.82686594867117
WY,RI,36.01917690966854
WY,SC,28.158532853826024
WY,SD,7.466766500299844
WY,TN,22.3699897581559
WY,TX,14.15198925946455
WY,UT,5.530330989190431
WY,VT,34.90189768708858
WY,VA,29.21495117041956
WY,WA,13.621736585692735
WY,WV,27.27835030367489
WY,WI,17.632472837636804
WY,WY,0.0
